# pres_a, rec_a, fscore_a, pres_o, rec_o, fscore_o, o_pres_a, o_rec_a, o_fscore_a, o_pres_o, o_rec_o, o_fscore_o, s_pres, s_rec, s_fscore, computational_time
7.777777777777777901e-01;8.750000000000000000e-01;8.235294117647059542e-01;7.777777777777777901e-01;8.750000000000000000e-01;8.235294117647059542e-01;5.999999999999999778e-01;7.500000000000000000e-01;6.666666666666665186e-01;5.999999999999999778e-01;7.500000000000000000e-01;6.666666666666665186e-01;1.000000000000000000e+00;1.000000000000000000e+00;1.000000000000000000e+00;1.337495779991149902e+01
7.777777777777777901e-01;8.750000000000000000e-01;8.235294117647059542e-01;6.666666666666666297e-01;7.500000000000000000e-01;7.058823529411765163e-01;5.999999999999999778e-01;7.500000000000000000e-01;6.666666666666665186e-01;4.000000000000000222e-01;5.000000000000000000e-01;4.444444444444444753e-01;1.000000000000000000e+00;1.000000000000000000e+00;1.000000000000000000e+00;1.221129179000854492e+01
8.888888888888888395e-01;1.000000000000000000e+00;9.411764705882352811e-01;7.777777777777777901e-01;8.750000000000000000e-01;8.235294117647059542e-01;8.000000000000000444e-01;1.000000000000000000e+00;8.888888888888889506e-01;5.999999999999999778e-01;7.500000000000000000e-01;6.666666666666665186e-01;1.000000000000000000e+00;1.000000000000000000e+00;1.000000000000000000e+00;1.322900104522705078e+01
8.000000000000000444e-01;1.000000000000000000e+00;8.888888888888889506e-01;8.000000000000000444e-01;1.000000000000000000e+00;8.888888888888889506e-01;6.666666666666666297e-01;1.000000000000000000e+00;8.000000000000000444e-01;6.666666666666666297e-01;1.000000000000000000e+00;8.000000000000000444e-01;1.000000000000000000e+00;1.000000000000000000e+00;1.000000000000000000e+00;1.340506601333618164e+01
8.000000000000000444e-01;1.000000000000000000e+00;8.888888888888889506e-01;6.999999999999999556e-01;8.750000000000000000e-01;7.777777777777776791e-01;6.666666666666666297e-01;1.000000000000000000e+00;8.000000000000000444e-01;5.000000000000000000e-01;7.500000000000000000e-01;5.999999999999999778e-01;1.000000000000000000e+00;1.000000000000000000e+00;1.000000000000000000e+00;1.495105195045471191e+01
